20050103;2,6674
20050104;2,6879
20050105;2,7088
20050106;2,7199
20050107;2,7024
20050110;2,6965
20050111;2,7098
20050112;2,7105
20050113;2,7003
20050114;2,7066
20050117;2,6999
20050118;2,7131
20050119;2,7177
20050120;2,7214
20050121;2,6991
20050124;2,6772
20050125;2,6786
20050126;2,6740
20050127;2,6637
20050128;2,6579
20050131;2,6240
20050201;2,6122
20050202;2,6232
20050203;2,6026
20050204;2,6022
20050209;2,6070
20050210;2,6114
20050211;2,6165
20050214;2,5826
20050215;2,5754
20050216;2,5918
20050217;2,5729
20050218;2,5613
20050221;2,5754
20050222;2,5929
20050223;2,5849
20050224;2,6090
20050225;2,6312
20050228;2,5942
20050301;2,6003
20050302;2,6360
20050303;2,6690
20050304;2,6607
20050307;2,6616
20050308;2,6926
20050309;2,7105
20050310;2,7311
20050311;2,7013
20050314;2,7515
20050315;2,7613
20050316;2,7562
20050317;2,7514
20050318;2,7155
20050321;2,7280
20050322;2,7052
20050323;2,7395
20050324;2,7295
20050328;2,7377
20050329;2,7023
20050330;2,6800
20050331;2,6654
20050401;2,6542
20050404;2,6590
20050405;2,6247
20050406;2,6059
20050407;2,6011
20050408;2,5934
20050411;2,5775
20050412;2,5891
20050413;2,5590
20050414;2,5739
20050415;2,5963
20050418;2,6149
20050419;2,5817
20050420;2,5637
20050422;2,5384
20050425;2,5300
20050426;2,5347
20050427;2,5187
20050428;2,5209
20050429;2,5305
20050502;2,5138
20050503;2,4999
20050504;2,4757
20050505;2,4679
20050506;2,4586
20050509;2,4530
20050510;2,4642
20050511;2,4711
20050512;2,4640
20050513;2,4707
20050516;2,4764
20050517;2,4771
20050518;2,4628
20050519;2,4450
20050520;2,4485
20050523;2,4291
20050524;2,4305
20050525;2,4108
20050527;2,3926
20050530;2,3776
20050531;2,4030
20050601;2,4278
20050602;2,4194
20050603;2,4021
20050606;2,4568
20050607;2,4624
20050608;2,4456
20050609;2,4883
20050610;2,4743
20050613;2,4554
20050614;2,4367
20050615;2,4447
20050616;2,4153
20050617;2,3865
20050620;2,3847
20050621;2,3764
20050622;2,3695
20050623;2,3924
20050624;2,3869
20050627;2,3822
20050628;2,3686
20050629;2,3541
20050630;2,3496
20050701;2,3451
20050704;2,3707
20050705;2,3660
20050706;2,3893
20050707;2,3882
20050708;2,3675
20050711;2,3494
20050712;2,3345
20050713;2,3474
20050714;2,3425
20050715;2,3419
20050718;2,3296
20050719;2,3426
20050720;2,3514
20050721;2,3397
20050722;2,3753
20050725;2,4279
20050726;2,4648
20050727;2,4431
20050728;2,4203
20050729;2,3897
20050801;2,3777
20050802;2,3522
20050803;2,3143
20050804;2,3046
20050805;2,2978
20050808;2,3092
20050809;2,3143
20050810;2,2759
20050811;2,3161
20050812;2,3750
20050815;2,3414
20050816;2,3434
20050817;2,3484
20050818;2,3629
20050819;2,4308
20050822;2,4020
20050823;2,4089
20050824;2,4227
20050825;2,4195
20050826;2,4121
20050829;2,3987
20050830;2,3853
20050831;2,3629
20050901;2,3615
20050902;2,3421
20050905;2,3287
20050906;2,3254
20050908;2,3190
20050909;2,3167
20050912;2,3189
20050913;2,3261
20050914;2,3292
20050915;2,3004
20050916;2,2929
20050919;2,2897
20050920;2,2940
20050921;2,2819
20050922;2,2744
20050923;2,2674
20050926;2,2575
20050927;2,2525
20050928;2,2425
20050929;2,2236
20050930;2,2214
20051003;2,2331
20051004;2,2416
20051005;2,2677
20051006;2,2878
20051007;2,2622
20051010;2,2376
20051011;2,2343
20051013;2,2619
20051014;2,2503
20051017;2,2344
20051018;2,2397
20051019;2,2527
20051020;2,2435
20051021;2,2538
20051024;2,2615
20051025;2,2610
20051026;2,2738
20051027;2,2843
20051028;2,2783
20051031;2,2535
20051101;2,2508
20051103;2,2328
20051104;2,2223
20051107;2,2005
20051108;2,2024
20051109;2,1709
20051110;2,1749
20051111;2,1625
20051114;2,1982
20051116;2,1966
20051117;2,1858
20051118;2,2179
20051121;2,2173
20051122;2,2503
20051123;2,2372
20051124;2,2362
20051125;2,2321
20051128;2,2086
20051129;2,1972
20051130;2,2062
20051201;2,2169
20051202;2,2053
20051205;2,1960
20051206;2,1799
20051207;2,1792
20051208;2,2119
20051209;2,2438
20051212;2,2626
20051213;2,2557
20051214;2,2771
20051215;2,2949
20051216;2,3348
20051219;2,3727
20051220;2,3489
20051221;2,3160
20051222;2,3246
20051223;2,3319
20051226;2,3317
20051227;2,3518
20051228;2,3475
20051229;2,3399
20051230;2,3399
20060102;2,3362
20060103;2,3452
20060104;2,3058
20060105;2,2817
20060106;2,2862
20060109;2,2624
20060110;2,2630
20060111;2,2671
20060112;2,2721
20060113;2,2739
20060116;2,2754
20060117;2,2916
20060118;2,3268
20060119;2,3217
20060120;2,2748
20060123;2,2601
20060124;2,2432
20060125;2,2425
20060126;2,2374
20060127;2,2144
20060130;2,2108
20060131;2,2152
20060201;2,2209
20060202;2,2202
20060203;2,2194
20060206;2,1869
20060207;2,1858
20060208;2,1948
20060209;2,1770
20060210;2,1567
20060213;2,1613
20060214;2,1427
20060215;2,1367
20060216;2,1169
20060217;2,1178
20060220;2,1174
20060221;2,1289
20060222;2,1476
20060223;2,1345
20060224;2,1347
20060301;2,1173
20060302;2,1126
20060303;2,1147
20060306;2,1253
20060307;2,1674
20060308;2,1770
20060309;2,1607
20060310;2,1439
20060313;2,1341
20060314;2,1261
20060315;2,1207
20060316;2,1059
20060317;2,1180
20060320;2,1378
20060321;2,1583
20060322;2,1545
20060323;2,1498
20060324;2,1620
20060327;2,1796
20060328;2,2230
20060329;2,2220
20060330;2,1944
20060331;2,1716
20060403;2,1534
20060404;2,1285
20060405;2,1336
20060406;2,1291
20060407;2,1401
20060410;2,1514
20060411;2,1412
20060412;2,1328
20060413;2,1418
20060417;2,1335
20060418;2,1284
20060419;2,1135
20060420;2,1228
20060424;2,1174
20060425;2,1225
20060426;2,1216
20060427;2,1128
20060428;2,0884
20060502;2,0710
20060503;2,0698
20060504;2,0659
20060505;2,0579
20060508;2,0643
20060509;2,0634
20060510;2,0578
20060511;2,0873
20060512;2,1299
20060515;2,1766
20060516;2,1395
20060517;2,1818
20060518;2,1825
20060519;2,1922
20060522;2,2875
20060523;2,2593
20060524;2,3703
20060525;2,3142
20060526;2,2512
20060529;2,2558
20060530;2,3227
20060531;2,2997
20060601;2,2705
20060602;2,2587
20060605;2,2549
20060606;2,2678
20060607;2,2492
20060608;2,2693
20060609;2,2607
20060612;2,2699
20060613;2,3010
20060614;2,2837
20060616;2,2513
20060619;2,2396
20060620;2,2498
20060621;2,2370
20060622;2,2383
20060623;2,2454
20060626;2,2251
20060627;2,2307
20060628;2,2254
20060629;2,2055
20060630;2,1635
20060703;2,1693
20060704;2,1638
20060705;2,1947
20060706;2,1832
20060707;2,1757
20060710;2,1742
20060711;2,1851
20060712;2,1907
20060713;2,2098
20060714;2,2122
20060717;2,2118
20060718;2,1954
20060719;2,1802
20060720;2,1887
20060721;2,1927
20060724;2,1908
20060725;2,1985
20060726;2,1976
20060727;2,1891
20060728;2,1792
20060731;2,1754
20060801;2,1897
20060802;2,1813
20060803;2,1827
20060804;2,1712
20060807;2,1785
20060808;2,1831
20060809;2,1679
20060810;2,1620
20060811;2,1608
20060814;2,1597
20060815;2,1472
20060816;2,1321
20060817;2,1357
20060818;2,1448
20060821;2,1353
20060822;2,1347
20060823;2,1346
20060824;2,1515
20060825;2,1563
20060828;2,1465
20060829;2,1411
20060830;2,1322
20060831;2,1380
20060901;2,1460
20060904;2,1274
20060905;2,1280
20060906;2,1435
20060908;2,1574
20060911;2,1743
20060912;2,1724
20060913;2,1692
20060914;2,1585
20060915;2,1532
20060918;2,1445
20060919;2,1510
20060920;2,1682
20060921;2,1961
20060922;2,2169
20060925;2,2180
20060926;2,1972
20060927;2,1852
20060928;2,1785
20060929;2,1734
20061002;2,1615
20061003;2,1647
20061004;2,1668
20061005;2,1621
20061006;2,1628
20061009;2,1580
20061010;2,1489
20061011;2,1538
20061013;2,1411
20061016;2,1323
20061017;2,1353
20061018;2,1331
20061019;2,1379
20061020;2,1449
20061023;2,1383
20061024;2,1459
20061025;2,1502
20061026;2,1355
20061027;2,1370
20061030;2,1448
20061031;2,1422
20061101;2,1402
20061103;2,1412
20061106;2,1370
20061107;2,1345
20061108;2,1456
20061109;2,1404
20061110;2,1481
20061113;2,1612
20061114;2,1529
20061116;2,1509
20061117;2,1585
20061120;2,1614
20061121;2,1630
20061122;2,1615
20061123;2,1675
20061124;2,1692
20061127;2,1792
20061128;2,1862
20061129;2,1775
20061130;2,1660
20061201;2,1664
20061204;2,1685
20061205;2,1552
20061206;2,1520
20061207;2,1420
20061208;2,1434
20061211;2,1376
20061212;2,1473
20061213;2,1451
20061214;2,1452
20061215;2,1462
20061218;2,1462
20061219;2,1564
20061220;2,1552
20061221;2,1585
20061222;2,1510
20061226;2,1429
20061227;2,1489
20061228;2,1372
20061229;2,1372
20070102;2,1334
20070103;2,1364
20070104;2,1421
20070105;2,1466
20070108;2,1497
20070109;2,1498
20070110;2,1548
20070111;2,1457
20070112;2,1413
20070115;2,1399
20070116;2,1436
20070117;2,1342
20070118;2,1321
20070119;2,1299
20070122;2,1319
20070123;2,1360
20070124;2,1278
20070125;2,1273
20070126;2,1352
20070129;2,1352
20070130;2,1321
20070131;2,1239
20070201;2,1085
20070202;2,0974
20070205;2,0956
20070206;2,0825
20070207;2,0844
20070208;2,0943
20070209;2,1025
20070212;2,1132
20070213;2,1080
20070214;2,0992
20070215;2,0888
20070216;2,0905
20070221;2,0794
20070222;2,0758
20070223;2,0860
20070226;2,0855
20070227;2,1091
20070228;2,1174
20070301;2,1252
20070302;2,1266
20070305;2,1380
20070306;2,1201
20070307;2,1113
20070308;2,1046
20070309;2,0975
20070312;2,0894
20070313;2,0954
20070314;2,1036
20070315;2,0901
20070316;2,0907
20070319;2,0784
20070320;2,0755
20070321;2,0668
20070322;2,0594
20070323;2,0644
20070326;2,0593
20070327;2,0629
20070328;2,0708
20070329;2,0537
20070330;2,0496
20070402;2,0470
20070403;2,0364
20070404;2,0313
20070405;2,0325
20070409;2,0228
20070410;2,0274
20070411;2,0325
20070412;2,0363
20070413;2,0223
20070416;2,0332
20070417;2,0340
20070418;2,0357
20070419;2,0304
20070420;2,0254
20070423;2,0282
20070424;2,0377
20070425;2,0228
20070426;2,0244
20070427;2,0313
20070430;2,0331
20070502;2,0260
20070503;2,0231
20070504;2,0301
20070507;2,0258
20070508;2,0218
20070509;2,0214
20070510;2,0209
20070511;2,0186
20070514;2,0130
20070515;1,9914
20070516;1,9578
20070517;1,9565
20070518;1,9622
20070521;1,9427
20070522;1,9401
20070523;1,9481
20070524;1,9645
20070525;1,9512
20070528;1,9433
20070529;1,9453
20070530;1,9460
20070531;1,9281
20070601;1,9048
20070604;1,9207
20070605;1,9387
20070606;1,9609
20070608;1,9630
20070611;1,9465
20070612;1,9412
20070613;1,9434
20070614;1,9295
20070615;1,9089
20070618;1,9039
20070619;1,9050
20070620;1,9190
20070621;1,9189
20070622;1,9326
20070625;1,9371
20070626;1,9480
20070627;1,9491
20070628;1,9248
20070629;1,9254
20070702;1,9168
20070703;1,9114
20070704;1,9091
20070705;1,9149
20070706;1,9025
20070709;1,8984
20070710;1,8939
20070711;1,8892
20070712;1,8759
20070713;1,8676
20070716;1,8639
20070717;1,8613
20070718;1,8601
20070719;1,8528
20070720;1,8598
20070723;1,8440
20070724;1,8517
20070725;1,8635
20070726;1,9046
20070727;1,9061
20070730;1,8801
20070731;1,8768
20070801;1,8848
20070802;1,8721
20070803;1,8806
20070806;1,9098
20070807;1,9069
20070808;1,8858
20070809;1,9183
20070810;1,9542
20070813;1,9403
20070814;1,9801
20070815;2,0035
20070816;2,1116
20070817;2,0368
20070820;2,0272
20070821;2,0377
20070822;2,0165
20070823;1,9931
20070824;1,9847
20070827;1,9481
20070828;1,9841
20070829;1,9856
20070830;1,9769
20070831;1,9612
20070903;1,9539
20070904;1,9520
20070905;1,9632
20070906;1,9537
20070910;1,9583
20070911;1,9296
20070912;1,9117
20070913;1,8983
20070914;1,9023
20070917;1,9115
20070918;1,8952
20070919;1,8631
20070920;1,8629
20070921;1,8610
20070924;1,8686
20070925;1,8648
20070926;1,8485
20070927;1,8401
20070928;1,8381
20071001;1,8217
20071002;1,8227
20071003;1,8266
20071004;1,8276
20071005;1,8084
20071008;1,8125
20071009;1,8100
20071010;1,8040
20071011;1,7912
20071015;1,8070
20071016;1,8234
20071017;1,8130
20071018;1,8063
20071019;1,7956
20071022;1,8198
20071023;1,7999
20071024;1,7961
20071025;1,7888
20071026;1,7744
20071029;1,7587
20071030;1,7544
20071031;1,7432
20071101;1,7452
20071105;1,7548
20071106;1,7317
20071107;1,7392
20071108;1,7346
20071109;1,7482
20071112;1,7732
20071113;1,7674
20071114;1,7370
20071116;1,7406
20071119;1,7585
20071120;1,7639
20071121;1,7858
20071122;1,7739
20071123;1,7954
20071126;1,8102
20071127;1,8493
20071128;1,8010
20071129;1,7897
20071130;1,7829
20071203;1,7880
20071204;1,8225
20071205;1,7948
20071206;1,7865
20071207;1,7608
20071210;1,7612
20071211;1,7642
20071212;1,7616
20071213;1,7738
20071214;1,7951
20071217;1,8115
20071218;1,8083
20071219;1,8011
20071220;1,8024
20071221;1,7958
20071224;1,7901
20071226;1,7787
20071227;1,7663
20071228;1,7705
20071231;1,7705
20080102;1,7714
20080103;1,7561
20080104;1,7566
20080107;1,7667
20080108;1,7546
20080109;1,7683
20080110;1,7620
20080111;1,7528
20080114;1,7406
20080115;1,7442
20080116;1,7622
20080117;1,7679
20080118;1,7842
20080121;1,8293
20080122;1,8033
20080123;1,8139
20080124;1,7875
20080125;1,7904
20080128;1,7898
20080129;1,7754
20080130;1,7794
20080131;1,7595
20080201;1,7443
20080206;1,7523
20080207;1,7619
20080208;1,7673
20080211;1,7593
20080212;1,7470
20080213;1,7451
20080214;1,7461
20080215;1,7533
20080218;1,7386
20080219;1,7321
20080220;1,7343
20080221;1,7096
20080222;1,7032
20080225;1,7054
20080226;1,6874
20080227;1,6707
20080228;1,6715
20080229;1,6825
20080303;1,6808
20080304;1,6722
20080305;1,6692
20080306;1,6712
20080307;1,6833
20080310;1,6988
20080311;1,6939
20080312;1,6788
20080313;1,6963
20080314;1,6939
20080317;1,7240
20080318;1,6999
20080319;1,7037
20080320;1,7416
20080324;1,7399
20080325;1,7333
20080326;1,7280
20080327;1,7337
20080328;1,7448
20080331;1,7483
20080401;1,7526
20080402;1,7265
20080403;1,7244
20080404;1,7109
20080407;1,6982
20080408;1,7030
20080409;1,6870
20080410;1,6814
20080411;1,6868
20080414;1,6859
20080415;1,6814
20080416;1,6691
20080417;1,6580
20080418;1,6685
20080422;1,6567
20080423;1,6574
20080424;1,6679
20080425;1,6680
20080428;1,6756
20080429;1,7050
20080430;1,6864
20080502;1,6498
20080505;1,6570
20080506;1,6607
20080507;1,6733
20080508;1,6928
20080509;1,6941
20080512;1,6735
20080513;1,6575
20080514;1,6633
20080515;1,6593
20080516;1,6426
20080519;1,6452
20080520;1,6562
20080521;1,6484
20080523;1,6539
20080526;1,6602
20080527;1,6673
20080528;1,6622
20080529;1,6488
20080530;1,6286
20080602;1,6312
20080603;1,6207
20080604;1,6299
20080605;1,6254
20080606;1,6274
20080609;1,6257
20080610;1,6384
20080611;1,6420
20080612;1,6392
20080613;1,6360
20080616;1,6269
20080617;1,6119
20080618;1,6105
20080619;1,6043
20080620;1,6034
20080623;1,6109
20080624;1,6038
20080625;1,5993
20080626;1,5943
20080627;1,6069
20080630;1,5911
20080701;1,6053
20080702;1,5985
20080703;1,6081
20080704;1,6092
20080707;1,6033
20080708;1,6019
20080709;1,6084
20080710;1,6139
20080711;1,6024
20080714;1,5934
20080715;1,5902
20080716;1,5952
20080717;1,5905
20080718;1,5930
20080721;1,5810
20080722;1,5803
20080723;1,5826
20080724;1,5773
20080725;1,5737
20080728;1,5746
20080729;1,5722
20080730;1,5633
20080731;1,5658
20080801;1,5585
20080804;1,5651
20080805;1,5724
20080806;1,5774
20080807;1,5835
20080808;1,6128
20080811;1,6140
20080812;1,6153
20080813;1,6203
20080814;1,6196
20080815;1,6381
20080818;1,6341
20080819;1,6335
20080820;1,6199
20080821;1,6135
20080822;1,6209
20080825;1,6267
20080826;1,6367
20080827;1,6205
20080828;1,6254
20080829;1,6336
20080901;1,6439
20080902;1,6594
20080903;1,6720
20080904;1,7002
20080905;1,7297
20080908;1,7274
20080909;1,7536
20080910;1,7850
20080911;1,8247
20080912;1,7904
20080915;1,8117
20080916;1,8402
20080917;1,8652
20080918;1,9151
20080919;1,8390
20080922;1,7981
20080923;1,8234
20080924;1,8437
20080925;1,8269
20080926;1,8547
20080929;1,9551
20080930;1,9135
20081001;1,9205
20081002;2,0073
20081003;2,0532
20081006;2,1761
20081007;2,1875
20081008;2,3916
20081009;2,1810
20081010;2,2872
20081013;2,1554
20081014;2,0781
20081015;2,1543
20081016;2,1846
20081017;2,1012
20081020;2,1166
20081021;2,1933
20081022;2,3642
20081023;2,3139
20081024;2,3104
20081027;2,2516
20081028;2,1692
20081029;2,1312
20081030;2,1143
20081031;2,1145
20081103;2,1810
20081104;2,1219
20081105;2,1202
20081106;2,1585
20081107;2,1605
20081110;2,1327
20081111;2,2002
20081112;2,2624
20081113;2,3306
20081114;2,2792
20081117;2,2932
20081118;2,2988
20081119;2,3758
20081120;2,3954
20081121;2,4269
20081124;2,3492
20081125;2,3048
20081126;2,3213
20081127;2,2649
20081128;2,3323
20081201;2,3557
20081202;2,3449
20081203;2,4205
20081204;2,4897
20081205;2,4996
20081208;2,4681
20081209;2,4821
20081210;2,4675
20081211;2,3389
20081212;2,3912
20081215;2,3682
20081216;2,3775
20081217;2,3568
20081218;2,3564
20081219;2,3851
20081222;2,3732
20081223;2,3821
20081224;2,3743
20081226;2,3605
20081229;2,3948
20081230;2,3362
20081231;2,3362
20090102;2,3290
20090105;2,2772
20090106;2,1881
20090107;2,2166
20090108;2,2675
20090109;2,2859
20090112;2,2961
20090113;2,3075
20090114;2,3333
20090115;2,3795
20090116;2,3240
20090119;2,3298
20090120;2,3540
20090121;2,3536
20090122;2,3291
20090123;2,3560
20090126;2,3141
20090127;2,3101
20090128;2,2974
20090129;2,2753
20090130;2,3154
20090202;2,3467
20090203;2,3136
20090204;2,2986
20090205;2,3057
20090206;2,2650
20090209;2,2438
20090210;2,2520
20090211;2,2862
20090212;2,2901
20090213;2,2672
20090216;2,2711
20090217;2,3123
20090218;2,3388
20090219;2,3241
20090220;2,3908
20090225;2,3806
20090226;2,3495
20090227;2,3776
20090302;2,4113
20090303;2,4210
20090304;2,3909
20090305;2,3814
20090306;2,3760
20090309;2,3773
20090310;2,3507
20090311;2,3358
20090312;2,3150
20090313;2,3004
20090316;2,2697
20090317;2,2825
20090318;2,2798
20090319;2,2371
20090320;2,2559
20090323;2,2497
20090324;2,2559
20090325;2,2427
20090326;2,2367
20090327;2,2737
20090330;2,3289
20090331;2,3144
20090401;2,2891
20090402;2,2347
20090403;2,2064
20090406;2,2244
20090407;2,2241
20090408;2,2006
20090409;2,1758
20090413;2,1691
20090414;2,1868
20090415;2,1984
20090416;2,1783
20090417;2,1856
20090420;2,2342
20090422;2,2120
20090423;2,2099
20090424;2,1925
20090427;2,2157
20090428;2,2029
20090429;2,1830
20090430;2,1775
20090504;2,1361
20090505;2,1468
20090506;2,1205
20090507;2,0976
20090508;2,0742
20090511;2,0571
20090512;2,0641
20090513;2,0984
20090514;2,0921
20090515;2,0754
20090518;2,0776
20090519;2,0480
20090520;2,0191
20090521;2,0256
20090522;2,0271
20090525;2,0226
20090526;2,0253
20090527;2,0087
20090528;2,0136
20090529;1,9722
20090601;1,9432
20090602;1,9362
20090603;1,9592
20090604;1,9489
20090605;1,9526
20090608;1,9696
20090609;1,9377
20090610;1,9466
20090612;1,9293
20090615;1,9450
20090616;1,9453
20090617;1,9776
20090618;1,9701
20090619;1,9584
20090622;2,0066
20090623;2,0011
20090624;1,9716
20090625;1,9554
20090626;1,9388
20090629;1,9479
20090630;1,9508
20090701;1,9334
20090702;1,9461
20090703;1,9466
20090706;1,9703
20090707;1,9633
20090708;1,9974
20090709;1,9913
20090710;2,0139
20090713;1,9887
20090714;1,9696
20090715;1,9412
20090716;1,9332
20090717;1,9282
20090720;1,9060
20090721;1,9035
20090722;1,9021
20090723;1,8914
20090724;1,8952
20090727;1,8829
20090728;1,8811
20090729;1,8974
20090730;1,8803
20090731;1,8718
20090803;1,8361
20090804;1,8264
20090805;1,8173
20090806;1,8340
20090807;1,8224
20090810;1,8404
20090811;1,8449
20090812;1,8378
20090813;1,8317
20090814;1,8377
20090817;1,8674
20090818;1,8566
20090819;1,8425
20090820;1,8426
20090821;1,8289
20090824;1,8331
20090825;1,8411
20090826;1,8662
20090827;1,8661
20090828;1,8732
20090831;1,8856
20090901;1,8821
20090902;1,9030
20090903;1,8694
20090904;1,8493
20090908;1,8246
20090909;1,8272
20090910;1,8253
20090911;1,8171
20090914;1,8189
20090915;1,8079
20090916;1,7976
20090917;1,8086
20090918;1,8041
20090921;1,8164
20090922;1,8053
20090923;1,7908
20090924;1,7909
20090925;1,8009
20090928;1,7902
20090929;1,7920
20090930;1,7773
20091001;1,7786
20091002;1,7836
20091005;1,7665
20091006;1,7525
20091007;1,7587
20091008;1,7404
20091009;1,7381
20091013;1,7290
20091014;1,7091
20091015;1,7029
20091016;1,7127
20091019;1,7122
20091020;1,7442
20091021;1,7432
20091022;1,7296
20091023;1,7105
20091026;1,7149
20091027;1,7334
20091028;1,7439
20091029;1,7428
20091030;1,7432
20091103;1,7580
20091104;1,7263
20091105;1,7232
20091106;1,7171
20091109;1,7016
20091110;1,7088
20091111;1,7104
20091112;1,7242
20091113;1,7282
20091116;1,7119
20091117;1,7145
20091118;1,7095
20091119;1,7279
20091120;1,7348
20091123;1,7237
20091124;1,7274
20091125;1,7264
20091126;1,7401
20091127;1,7435
20091130;1,7497
20091201;1,7285
20091202;1,7193
20091203;1,7088
20091204;1,7123
20091207;1,7294
20091208;1,7474
20091209;1,7603
20091210;1,7619
20091211;1,7513
20091214;1,7475
20091215;1,7549
20091216;1,7510
20091217;1,7815
20091218;1,7871
20091221;1,7779
20091222;1,7817
20091223;1,7755
20091224;1,7519
20091228;1,7390
20091229;1,7413
20091230;1,7404
20091231;1,7404
20100104;1,7232
20100105;1,7219
20100106;1,7329
20100107;1,7405
20100108;1,7382
20100111;1,7315
20100112;1,7431
20100113;1,7434
20100114;1,7640
20100115;1,7703
20100118;1,7713
20100119;1,7739
20100120;1,7846
20100121;1,7895
20100122;1,8179
20100125;1,8186
20100126;1,8359
20100127;1,8505
20100128;1,8552
20100129;1,8740
20100201;1,8765
20100202;1,8355
20100203;1,8329
20100204;1,8707
20100205;1,8745
20100208;1,8722
20100209;1,8542
20100210;1,8475
20100211;1,8508
20100212;1,8662
20100217;1,8305
20100218;1,8258
20100219;1,8108
20100222;1,8038
20100223;1,8178
20100224;1,8195
20100225;1,8356
20100226;1,8102
20100301;1,7992
20100302;1,7843
20100303;1,7838
20100304;1,7880
20100305;1,7816
20100308;1,7818
20100309;1,7891
20100310;1,7708
20100311;1,7685
20100312;1,7629
20100315;1,7636
20100316;1,7658
20100317;1,7632
20100318;1,7840
20100319;1,7946
20100322;1,8022
20100323;1,7805
20100324;1,7896
20100325;1,8000
20100326;1,8223
20100329;1,8056
20100330;1,7944
20100331;1,7802
20100401;1,7693
20100405;1,7565
20100406;1,7597
20100407;1,7654
20100408;1,7798
20100409;1,7722
20100412;1,7600
20100413;1,7576
20100414;1,7438
20100415;1,7475
20100416;1,7550
20100419;1,7580
20100420;1,7489
20100422;1,7618
20100423;1,7616
20100426;1,7438
20100427;1,7584
20100428;1,7550
20100429;1,7313
20100430;1,7298
20100503;1,7307
20100504;1,7549
20100505;1,7854
20100506;1,8345
20100507;1,8335
20100510;1,7825
20100511;1,7835
20100512;1,7715
20100513;1,7729
20100514;1,7959
20100517;1,8037
20100518;1,7913
20100519;1,8358
20100520;1,8669
20100521;1,8702
20100524;1,8514
20100525;1,8803
20100526;1,8453
20100527;1,8320
20100528;1,8221
20100531;1,8159
20100601;1,8247
20100602;1,8354
20100604;1,8393
20100607;1,8626
20100608;1,8650
20100609;1,8415
20100610;1,8177
20100611;1,8117
20100614;1,8022
20100615;1,7963
20100616;1,7885
20100617;1,7809
20100618;1,7753
20100621;1,7655
20100622;1,7672
20100623;1,7900
20100624;1,7899
20100625;1,7773
20100628;1,7818
20100629;1,8068
20100630;1,8007
20100701;1,7998
20100702;1,7777
20100705;1,7747
20100706;1,7657
20100707;1,7711
20100708;1,7644
20100709;1,7564
20100712;1,7636
20100713;1,7517
20100714;1,7649
20100715;1,7682
20100716;1,7784
20100719;1,7846
20100720;1,7792
20100721;1,7758
20100722;1,7621
20100723;1,7609
20100726;1,7661
20100727;1,7650
20100728;1,7642
20100729;1,7635
20100730;1,7564
20100802;1,7481
20100803;1,7586
20100804;1,7555
20100805;1,7527
20100806;1,7558
20100809;1,7529
20100810;1,7568
20100811;1,7655
20100812;1,7723
20100813;1,7708
20100816;1,7631
20100817;1,7520
20100818;1,7505
20100819;1,7576
20100820;1,7589
20100823;1,7579
20100824;1,7719
20100825;1,7660
20100826;1,7588
20100827;1,7536
20100830;1,7583
20100831;1,7552
20100901;1,7433
20100902;1,7359
20100903;1,7273
20100906;1,7251
20100908;1,7223
20100909;1,7230
20100910;1,7178
20100913;1,7166
20100914;1,7068
20100915;1,7161
20100916;1,7176
20100917;1,7158
20100920;1,7208
20100921;1,7247
20100922;1,7176
20100923;1,7186
20100924;1,7112
20100927;1,7092
20100928;1,7085
20100929;1,7045
20100930;1,6934
20101001;1,6804
20101004;1,6874
20101005;1,6800
20101006;1,6750
20101007;1,6769
20101008;1,6796
20101011;1,6640
20101013;1,6546
20101014;1,6588
20101015;1,6596
20101018;1,6678
20101019;1,6860
20101020;1,6727
20101021;1,6889
20101022;1,6989
20101025;1,7018
20101026;1,7037
20101027;1,7069
20101028;1,7104
20101029;1,7006
20101101;1,7036
20101103;1,6929
20101104;1,6811
20101105;1,6793
20101108;1,6962
20101109;1,6962
20101110;1,7062
20101111;1,7170
20101112;1,7190
20101116;1,7287
20101117;1,7290
20101118;1,7135
20101119;1,7181
20101122;1,7227
20101123;1,7328
20101124;1,7239
20101125;1,7198
20101126;1,7290
20101129;1,7263
20101130;1,7153
20101201;1,7044
20101202;1,7021
20101203;1,6909
20101206;1,6828
20101207;1,6731
20101208;1,6884
20101209;1,7016
20101210;1,7109
20101213;1,7019
20101214;1,6941
20101215;1,6980
20101216;1,7020
20101217;1,7090
20101220;1,7074
20101221;1,6966
20101222;1,6938
20101223;1,6976
20101224;1,6895
20101227;1,6914
20101228;1,6858
20101229;1,6780
20101230;1,6654
20101231;1,6654
20110103;1,6502
20110104;1,6548
20110105;1,6705
20110106;1,6849
20110107;1,6853
20110110;1,6904
20110111;1,6879
20110112;1,6765
20110113;1,6693
20110114;1,6835
20110117;1,6810
20110118;1,6737
20110119;1,6706
20110120;1,6707
20110121;1,6715
20110124;1,6723
20110125;1,6737
20110126;1,6684
20110127;1,6712
20110128;1,6774
20110131;1,6726
20110201;1,6623
20110202;1,6663
20110203;1,6689
20110204;1,6730
20110207;1,6768
20110208;1,6703
20110209;1,6635
20110210;1,6672
20110211;1,6671
20110214;1,6673
20110215;1,6674
20110216;1,6696
20110217;1,6653
20110218;1,6669
20110221;1,6659
20110222;1,6686
20110223;1,6712
20110224;1,6641
20110225;1,6617
20110228;1,6604
20110301;1,6619
20110302;1,6602
20110303;1,6537
20110304;1,6454
20110309;1,6551
20110310;1,6604
20110311;1,6641
20110314;1,6623
20110315;1,6684
20110316;1,6666
20110317;1,6749
20110318;1,6712
20110321;1,6644
20110322;1,6630
20110323;1,6594
20110324;1,6585
20110325;1,6573
20110328;1,6606
20110329;1,6538
20110330;1,6352
20110331;1,6279
20110401;1,6186
20110404;1,6102
20110405;1,6079
20110406;1,6089
20110407;1,5919
20110408;1,5754
20110411;1,5797
20110412;1,5862
20110413;1,5856
20110414;1,5834
20110415;1,5768
20110418;1,5904
20110419;1,5784
20110420;1,5714
20110425;1,5712
20110426;1,5646
20110427;1,5697
20110428;1,5845
20110429;1,5725
20110502;1,5739
20110503;1,5882
20110504;1,6022
20110505;1,6211
20110506;1,6103
20110509;1,6191
20110510;1,6061
20110511;1,6170
20110512;1,6199
20110513;1,6320
20110516;1,6309
20110517;1,6282
20110518;1,6158
20110519;1,6157
20110520;1,6161
20110523;1,6331
20110524;1,6248
20110525;1,6289
20110526;1,6188
20110527;1,6030
20110530;1,5950
20110531;1,5791
20110601;1,5870
20110602;1,5797
20110603;1,5736
20110606;1,5802
20110607;1,5756
20110608;1,5812
20110609;1,5869
20110610;1,5930
20110613;1,5880
20110614;1,5813
20110615;1,5952
20110616;1,6100
20110617;1,5971
20110620;1,5961
20110621;1,5902
20110622;1,5869
20110624;1,5980
20110627;1,5961
20110628;1,5825
20110629;1,5722
20110630;1,5603
20110701;1,5591
20110704;1,5572
20110705;1,5629
20110706;1,5654
20110707;1,5573
20110708;1,5626
20110711;1,5788
20110712;1,5765
20110713;1,5754
20110714;1,5721
20110715;1,5735
20110718;1,5820
20110719;1,5683
20110720;1,5643
20110721;1,5559
20110722;1,5539
20110725;1,5441
20110726;1,5337
20110727;1,5631
20110728;1,5643
20110729;1,5555
20110801;1,5543
20110802;1,5648
20110803;1,5643
20110804;1,5744
20110805;1,5887
20110808;1,5991
20110809;1,6326
20110810;1,6175
20110811;1,6298
20110812;1,6149
20110815;1,5948
20110816;1,5910
20110817;1,5822
20110818;1,6054
20110819;1,5952
20110822;1,6001
20110823;1,6028
20110824;1,6031
20110825;1,6146
20110826;1,6106
20110829;1,5966
20110830;1,5896
20110831;1,5864
20110901;1,6032
20110902;1,6335
20110905;1,6514
20110906;1,6575
20110908;1,6558
20110909;1,6766
20110912;1,6891
20110913;1,7119
20110914;1,7280
20110915;1,7098
20110916;1,7114
20110919;1,7755
20110920;1,7862
20110921;1,8272
20110922;1,9008
20110923;1,8727
20110926;1,8437
20110927;1,8000
20110928;1,8123
20110929;1,8283
20110930;1,8536
20111003;1,8804
20111004;1,8848
20111005;1,8449
20111006;1,8109
20111007;1,7659
20111010;1,7471
20111011;1,7652
20111013;1,7529
20111014;1,7369
20111017;1,7481
20111018;1,7717
20111019;1,7597
20111020;1,7819
20111021;1,7796
20111024;1,7761
20111025;1,7541
20111026;1,7599
20111027;1,7316
20111028;1,6979
20111031;1,6878
20111101;1,7499
20111103;1,7262
20111104;1,7408
20111107;1,7496
20111108;1,7446
20111109;1,7510
20111110;1,7603
20111111;1,7540
20111114;1,7642
20111116;1,7765
20111117;1,7767
20111118;1,7716
20111121;1,8053
20111122;1,8062
20111123;1,8434
20111124;1,8652
20111125;1,8930
20111128;1,8590
20111129;1,8478
20111130;1,8102
20111201;1,7922
20111202;1,7836
20111205;1,7823
20111206;1,7906
20111207;1,7974
20111208;1,7934
20111209;1,8123
20111212;1,8211
20111213;1,8403
20111214;1,8721
20111215;1,8602
20111216;1,8458
20111219;1,8608
20111220;1,8501
20111221;1,8550
20111222;1,8571
20111223;1,8554
20111226;1,8559
20111227;1,8578
20111228;1,8626
20111229;1,8751
20111230;1,8751
20120102;1,8676
20120103;1,8450
20120104;1,8265
20120105;1,8365
20120106;1,8442
20120109;1,8435
20120110;1,8036
20120111;1,8041
20120112;1,7867
20120113;1,7846
20120116;1,7830
20120117;1,7754
20120118;1,7785
20120119;1,7642
20120120;1,7664
20120123;1,7521
20120124;1,7643
20120125;1,7623
20120126;1,7382
20120127;1,7429
20120130;1,7502
20120131;1,7385
20120201;1,7370
20120202;1,7320
20120203;1,7216
20120206;1,7243
20120207;1,7255
20120208;1,7189
20120209;1,7219
20120210;1,7254
20120213;1,7162
20120214;1,7167
20120215;1,7151
20120216;1,7320
20120217;1,7130
20120222;1,7069
20120223;1,7033
20120224;1,7091
20120227;1,7082
20120228;1,7017
20120229;1,7086
20120301;1,7146
20120302;1,7239
20120305;1,7308
20120306;1,7550
20120307;1,7685
20120308;1,7691
20120309;1,7761
20120312;1,8151
20120313;1,8096
20120314;1,8140
20120315;1,8000
20120316;1,8012
20120319;1,8084
20120320;1,8253
20120321;1,8261
20120322;1,8244
20120323;1,8188
20120326;1,8137
20120327;1,8129
20120328;1,8217
20120329;1,8327
20120330;1,8215
20120402;1,8308
20120403;1,8250
20120404;1,8310
20120405;1,8295
20120409;1,8254
20120410;1,8311
20120411;1,8297
20120412;1,8264
20120413;1,8358
20120416;1,8367
20120417;1,8447
20120418;1,8688
20120419;1,8861
20120420;1,8780
20120423;1,8858
20120424;1,8774
20120425;1,8801
20120426;1,8864
20120427;1,8846
20120430;1,8912
20120502;1,9143
20120503;1,9271
20120504;1,9204
20120507;1,9262
20120508;1,9360
20120509;1,9571
20120510;1,9576
20120511;1,9507
20120514;1,9860
20120515;1,9941
20120516;1,9968
20120517;1,9967
20120518;2,0088
20120521;2,0368
20120522;2,0487
20120523;2,0809
20120524;2,0378
20120525;2,0026
20120528;1,9772
20120529;1,9938
20120530;2,0072
20120531;2,0217
20120601;2,0344
20120604;2,0404
20120605;2,0259
20120606;2,0176
20120608;2,0347
20120611;2,0342
20120612;2,0558
20120613;2,0597
20120614;2,0685
20120615;2,0437
20120618;2,0628
20120619;2,0433
20120620;2,0287
20120621;2,0357
20120622;2,0549
20120625;2,0712
20120626;2,0737
20120627;2,0758
20120628;2,0897
20120629;2,0207
20120702;1,9887
20120703;1,9882
20120704;2,0195
20120705;2,0287
20120706;2,0353
20120709;2,0303
20120710;2,0327
20120711;2,0304
20120712;2,0465
20120713;2,0332
20120716;2,0375
20120717;2,0343
20120718;2,0253
20120719;2,0233
20120720;2,0220
20120723;2,0406
20120724;2,0413
20120725;2,0397
20120726;2,0249
20120727;2,0167
20120730;2,0308
20120731;2,0494
20120801;2,0426
20120802;2,0470
20120803;2,0307
20120806;2,0273
20120807;2,0276
20120808;2,0267
20120809;2,0177
20120810;2,0169
20120813;2,0260
20120814;2,0252
20120815;2,0228
20120816;2,0208
20120817;2,0176
20120820;2,0203
20120821;2,0167
20120822;2,0204
20120823;2,0236
20120824;2,0250
20120827;2,0287
20120828;2,0427
20120829;2,0503
20120830;2,0507
20120831;2,0366
20120903;2,0329
20120904;2,0386
20120905;2,0380
20120906;2,0375
20120910;2,0235
20120911;2,0192
20120912;2,0198
20120913;2,0249
20120914;2,0133
20120917;2,0306
20120918;2,0268
20120919;2,0230
20120920;2,0257
20120921;2,0235
20120924;2,0267
20120925;2,0245
20120926;2,0335
20120927;2,0305
20120928;2,0300
20121001;2,0254
20121002;2,0260
20121003;2,0260
20121004;2,0218
20121005;2,0240
20121008;2,0307
20121009;2,0331
20121010;2,0373
20121011;2,0363
20121015;2,0377
20121016;2,0345
20121017;2,0330
20121018;2,0290
20121019;2,0266
20121022;2,0260
20121023;2,0281
20121024;2,0257
20121025;2,0256
20121026;2,0257
20121029;2,0291
20121030;2,0318
20121031;2,0308
20121101;2,0306
20121105;2,0344
20121106;2,0336
20121107;2,0324
20121108;2,0352
20121109;2,0507
20121112;2,0470
20121113;2,0609
20121114;2,0624
20121116;2,0706
20121119;2,0740
20121120;2,0827
20121121;2,0918
20121122;2,0907
20121123;2,0980
20121126;2,0782
20121127;2,0746
20121128;2,0907
20121129;2,0986
20121130;2,1068
20121203;2,1115
20121204;2,1072
20121205;2,1040
20121206;2,0831
20121207;2,0798
20121210;2,0804
20121211;2,0737
20121212;2,0795
20121213;2,0745
20121214;2,0834
20121217;2,0896
20121218;2,0960
20121219;2,0785
20121220;2,0620
20121221;2,0751
20121224;2,0767
20121226;2,0563
20121227;2,0477
20121228;2,0429
20121231;2,0429
20130102;2,0409
20130103;2,0458
20130104;2,0419
20130107;2,0306
20130108;2,0280
20130109;2,0411
20130110;2,0352
20130111;2,0335
20130114;2,0328
20130115;2,0368
20130116;2,0403
20130117;2,0405
20130118;2,0435
20130121;2,0415
20130122;2,0466
20130123;2,0388
20130124;2,0338
20130125;2,0277
20130128;2,0235
20130129;1,9906
20130130;1,9894
20130131;1,9877
20130201;1,9838
20130204;1,9888
20130205;1,9875
20130206;1,9878
20130207;1,9783
20130208;1,9630
20130213;1,9665
20130214;1,9660
20130215;1,9594
20130218;1,9670
20130219;1,9591
20130220;1,9564
20130221;1,9715
20130222;1,9699
20130225;1,9670
20130226;1,9812
20130227;1,9801
20130228;1,9749
20130301;1,9843
20130304;1,9822
20130305;1,9688
20130306;1,9668
20130307;1,9636
20130308;1,9522
20130311;1,9546
20130312;1,9579
20130313;1,9614
20130314;1,9671
20130315;1,9743
20130318;1,9865
20130319;1,9824
20130320;1,9862
20130321;1,9925
20130322;2,0120
20130325;2,0134
20130326;2,0081
20130327;2,0179
20130328;2,0132
20130401;2,0180
20130402;2,0173
20130403;2,0233
20130404;2,0195
20130405;2,0029
20130408;1,9897
20130409;1,9855
20130410;1,9804
20130411;1,9731
20130412;1,9755
20130415;1,9784
20130416;1,9897
20130417;1,9933
20130418;2,0146
20130419;2,0084
20130422;2,0148
20130423;2,0164
20130424;2,0238
20130425;2,0114
20130426;1,9995
20130429;1,9993
20130430;2,0011
20130502;2,0089
20130503;2,0088
20130506;2,0137
20130507;2,0104
20130508;2,0024
20130509;2,0046
20130510;2,0225
20130513;2,0144
20130514;2,0057
20130515;2,0227
20130516;2,0249
20130517;2,0348
20130520;2,0328
20130521;2,0396
20130522;2,0381
20130523;2,0531
20130524;2,0489
20130527;2,0521
20130528;2,0610
20130529;2,0888
20130531;2,1314
20130603;2,1349
20130604;2,1276
20130605;2,1229
20130606;2,1244
20130607;2,1367
20130610;2,1501
20130611;2,1515
20130612;2,1415
20130613;2,1441
20130614;2,1361
20130617;2,1532
20130618;2,1700
20130619;2,1738
20130620;2,2517
20130621;2,2642
20130624;2,2509
20130625;2,2180
20130626;2,1969
20130627;2,1840
20130628;2,2150
20130701;2,2292
20130702;2,2407
20130703;2,2628
20130704;2,2589
20130705;2,2639
20130708;2,2577
20130709;2,2615
20130710;2,2691
20130711;2,2666
20130712;2,2664
20130715;2,2543
20130716;2,2347
20130717;2,2366
20130718;2,2291
20130719;2,2358
20130722;2,2380
20130723;2,2261
20130724;2,2342
20130725;2,2491
20130726;2,2483
20130729;2,2603
20130730;2,2729
20130731;2,2897
20130801;2,2908
20130802;2,2927
20130805;2,3004
20130806;2,2949
20130807;2,3022
20130808;2,2876
20130809;2,2743
20130812;2,2716
20130813;2,3029
20130814;2,3112
20130815;2,3428
20130816;2,3559
20130819;2,3974
20130820;2,3937
20130821;2,4163
20130822;2,4451
20130823;2,3862
20130826;2,3699
20130827;2,3992
20130828;2,3509
20130829;2,3572
20130830;2,3719
20130902;2,3637
20130903;2,3891
20130904;2,3532
20130905;2,3308
20130906;2,2973
20130909;2,2862
20130910;2,2773
20130911;2,2941
20130912;2,2763
20130913;2,2779
20130916;2,2643
20130917;2,2611
20130918;2,2483
20130919;2,2029
20130920;2,2047
20130923;2,2026
20130924;2,2025
20130925;2,2218
20130926;2,2279
20130927;2,2565
20130930;2,2294
20131001;2,2118
20131002;2,2082
20131003;2,2063
20131004;2,2045
20131007;2,2081
20131008;2,2010
20131009;2,2048
20131010;2,1844
20131011;2,1815
20131014;2,1811
20131015;2,1812
20131016;2,1623
20131017;2,1605
20131018;2,1610
20131021;2,1732
20131022;2,1754
20131023;2,1821
20131024;2,1997
20131025;2,1842
20131028;2,1840
20131029;2,1798
20131030;2,1882
20131031;2,2020
20131101;2,2462
20131104;2,2420
20131105;2,2741
20131106;2,2779
20131107;2,2819
20131108;2,3164
20131111;2,3136
20131112;2,3356
20131113;2,3228
20131114;2,3283
20131118;2,2822
20131119;2,2656
20131120;2,2713
20131121;2,3061
20131122;2,2906
20131125;2,2865
20131126;2,3034
20131127;2,3052
20131128;2,3202
20131129;2,3243
20131202;2,3443
20131203;2,3552
20131204;2,3734
20131205;2,3741
20131206;2,3519
20131209;2,3218
20131210;2,3096
20131211;2,3256
20131212;2,3333
20131213;2,3348
20131216;2,3249
20131217;2,3215
20131218;2,3268
20131219;2,3522
20131220;2,3811
20131223;2,3700
20131224;2,3543
20131226;2,3501
20131227;2,3532
20131230;2,3420
20131231;2,3420
20140102;2,3969
20140103;2,3734
20140106;2,3783
20140107;2,3628
20140108;2,3773
20140109;2,3954
20140110;2,3813
20140113;2,3485
20140114;2,3611
20140115;2,3465
20140116;2,3677
20140117;2,3595
20140120;2,3329
20140121;2,3602
20140122;2,3595
20140123;2,3755
20140124;2,4123
20140127;2,4038
20140128;2,4159
20140129;2,4390
20140130;2,4218
20140131;2,4257
20140203;2,4084
20140204;2,4171
20140205;2,4101
20140206;2,4035
20140207;2,3811
20140210;2,3930
20140211;2,4070
20140212;2,4080
20140213;2,4232
20140214;2,3919
20140217;2,3864
20140218;2,3977
20140219;2,3980
20140220;2,3793
20140221;2,3619
20140224;2,3385
20140225;2,3361
20140226;2,3448
20140227;2,3431
20140228;2,3327
20140305;2,3234
20140306;2,3088
20140307;2,3376
20140310;2,3404
20140311;2,3455
20140312;2,3643
20140313;2,3480
20140314;2,3631
20140317;2,3513
20140318;2,3516
20140319;2,3333
20140320;2,3414
20140321;2,3239
20140324;2,3242
20140325;2,3118
20140326;2,3113
20140327;2,2824
20140328;2,2597
20140331;2,2624
20140401;2,2614
20140402;2,2705
20140403;2,2805
20140404;2,2414
20140407;2,2320
20140408;2,1968
20140409;2,2105
20140410;2,1982
20140411;2,2053
20140414;2,2090
20140415;2,2251
20140416;2,2336
20140417;2,2476
20140422;2,2443
20140423;2,2420
20140424;2,2223
20140425;2,2319
20140428;2,2364
20140429;2,2193
20140430;2,2354
20140502;2,2215
20140505;2,2280
20140506;2,2316
20140507;2,2276
20140508;2,2101
20140509;2,2186
20140512;2,2158
20140513;2,2095
20140514;2,2123
20140515;2,2160
20140516;2,2104
20140519;2,2105
20140520;2,2150
20140521;2,2105
20140522;2,2125
20140523;2,2181
20140526;2,2203
20140527;2,2348
20140528;2,2399
20140529;2,2245
20140530;2,2384
20140602;2,2634
20140603;2,2648
20140604;2,2796
20140605;2,2689
20140606;2,2439
20140609;2,2330
20140610;2,2290
20140611;2,2301
20140612;2,2298
20140613;2,2341
20140616;2,2307
20140617;2,2480
20140618;2,2528
20140620;2,2374
20140623;2,2189
20140624;2,2211
20140625;2,2046
20140626;2,2083
20140627;2,1969
20140630;2,2019
20140701;2,2048
20140702;2,2127
20140703;2,2275
20140704;2,2143
20140707;2,2195
20140708;2,2144
20140709;2,2128
20140710;2,2231
20140711;2,2222
20140714;2,2170
20140715;2,2189
20140716;2,2187
20140717;2,2397
20140718;2,2356
20140721;2,2232
20140722;2,2123
20140723;2,2196
20140724;2,2198
20140725;2,2287
20140728;2,2296
20140729;2,2272
20140730;2,2441
20140731;2,2668
20140801;2,2600
20140804;2,2571
20140805;2,2750
20140806;2,2784
20140807;2,2796
20140808;2,2980
20140811;2,2773
20140812;2,2764
20140813;2,2686
20140814;2,2697
20140815;2,2684
20140818;2,2589
20140819;2,2581
20140820;2,2544
20140821;2,2576
20140822;2,2772
20140825;2,2802
20140826;2,2742
20140827;2,2585
20140828;2,2493
20140829;2,2390
20140901;2,2358
20140902;2,2515
20140903;2,2313
20140904;2,2350
20140905;2,2410
20140908;2,2485
20140909;2,2807
20140910;2,2961
20140911;2,2874
20140912;2,3244
20140915;2,3395
20140916;2,3345
20140917;2,3378
20140918;2,3661
20140919;2,3650
20140922;2,3864
20140923;2,4020
20140924;2,4064
20140925;2,4078
20140926;2,4304
20140929;2,4516
20140930;2,4504
20141001;2,4617
20141002;2,4779
20141003;2,4926
20141006;2,4092
20141007;2,4032
20141008;2,4065
20141009;2,3908
20141010;2,4096
20141013;2,3917
20141014;2,3985
20141015;2,4310
20141016;2,4763
20141017;2,4470
20141020;2,4548
20141021;2,4791
20141022;2,4775
20141023;2,4998
20141024;2,4799
20141027;2,5335
20141028;2,4863
20141029;2,4340
20141030;2,4113
20141031;2,4436
20141103;2,4833
20141104;2,5189
20141105;2,5162
20141106;2,5319
20141107;2,5715
20141110;2,5384
20141111;2,5638
20141112;2,5544
20141113;2,5719
20141114;2,6129
20141117;2,6029
20141118;2,5961
20141119;2,5843
20141120;2,5440
20141121;2,5384
20141124;2,5276
20141125;2,5230
20141126;2,5097
20141127;2,5059
20141128;2,5595
20141201;2,5618
20141202;2,5658
20141203;2,5601
20141204;2,5791
20141205;2,5882
20141208;2,5917
20141209;2,6010
20141210;2,5925
20141211;2,6265
20141212;2,6552
20141215;2,6711
20141216;2,7397
20141217;2,7240
20141218;2,6669
20141219;2,6480
20141222;2,6520
20141223;2,6769
20141224;2,6822
20141226;2,6806
20141229;2,6777
20141230;2,6556
20141231;2,6556
20150102;2,6923
20150105;2,7101
20150106;2,7016
20150107;2,6801
20150108;2,6913
20150109;2,6577
20150112;2,6569
20150113;2,6479
20150114;2,6216
20150115;2,6116
20150116;2,6187
20150119;2,6237
20150120;2,6241
20150121;2,5961
20150122;2,5748
20150123;2,5850
20150126;2,5960
20150127;2,5803
20150128;2,5791
20150129;2,5954
20150130;2,6617
20150202;2,6888
20150203;2,7053
20150204;2,7142
20150205;2,7380
20150206;2,7635
20150209;2,7867
20150210;2,8069
20150211;2,8570
20150212;2,8619
20150213;2,8385
20150218;2,8424
20150219;2,8539
20150220;2,8694
20150223;2,8805
20150224;2,8643
20150225;2,8640
20150226;2,8721
20150227;2,8777
20150302;2,8649
20150303;2,9045
20150304;2,9798
20150305;2,9925
20150306;3,0360
20150309;3,1012
20150310;3,1293
20150311;3,1156
20150312;3,1165
20150313;3,2258
20150316;3,2251
20150317;3,2677
20150318;3,2512
20150319;3,2635
20150320;3,2417
20150323;3,1793
20150324;3,1304
20150325;3,1469
20150326;3,1909
20150327;3,2253
20150330;3,2595
20150331;3,2074
20150401;3,1549
20150402;3,1486
20150406;3,0920
20150407;3,1225
20150408;3,0828
20150409;3,0459
20150410;3,0789
20150413;3,1005
20150414;3,0874
20150415;3,0675
20150416;3,0243
20150417;3,0538
20150420;3,0467
20150422;3,0180
20150423;3,0077
20150424;2,9739
20150427;2,9229
20150428;2,8937
20150429;2,9369
20150430;2,9930
20150504;3,0748
20150505;3,0619
20150506;3,0414
20150507;3,0415
20150508;2,9959
20150511;3,0169
20150512;3,0382
20150513;3,0096
20150514;3,0026
20150515;2,9887
20150518;3,0139
20150519;3,0278
20150520;3,0340
20150521;3,0289
20150522;3,0647
20150525;3,1206
20150526;3,1345
20150527;3,1734
20150528;3,1741
20150529;3,1781
20150601;3,1783
20150602;3,1437
20150603;3,1178
20150605;3,1677
20150608;3,1184
20150609;3,0985
20150610;3,0837
20150611;3,1508
20150612;3,1101
20150615;3,1030
20150616;3,1076
20150617;3,0983
20150618;3,0466
20150619;3,0782
20150622;3,0751
20150623;3,1036
20150624;3,0846
20150625;3,1009
20150626;3,1265
20150629;3,1383
20150630;3,1019
20150701;3,1185
20150702;3,1166
20150703;3,1265
20150706;3,1425
20150707;3,1803
20150708;3,2275
20150709;3,2152
20150710;3,1891
20150713;3,1588
20150714;3,1224
20150715;3,1526
20150716;3,1369
20150717;3,1826
20150720;3,2143
20150721;3,1807
20150722;3,2088
20150723;3,2844
20150724;3,3248
20150727;3,3551
20150728;3,3808
20150729;3,3413
20150730;3,3646
20150731;3,3934
20150803;3,4419
20150804;3,4669
20150805;3,4844
20150806;3,5341
20150807;3,5175
20150810;3,4903
20150811;3,4919
20150812;3,4820
20150813;3,5068
20150814;3,4755
20150817;3,4739
20150818;3,4805
20150819;3,4843
20150820;3,4745
20150821;3,4890
20150824;3,5488
20150825;3,5339
20150826;3,6320
20150827;3,5549
20150828;3,5784
20150831;3,6461
20150901;3,6719
20150902;3,7307
20150903;3,7753
20150904;3,7980
20150908;3,8021
20150909;3,7864
20150910;3,8691
20150911;3,8692
20150914;3,8647
20150915;3,8593
20150916;3,8361
20150917;3,8915
20150918;3,9015
20150921;3,9815
20150922;4,0419
20150923;4,1034
20150924;4,1942
20150925;3,9472
20150928;4,0093
20150929;4,1165
20150930;3,9722
20151001;3,9788
20151002;4,0003
20151005;3,9135
20151006;3,8561
20151007;3,8053
20151008;3,8511
20151009;3,7380
20151013;3,8243
20151014;3,8501
20151015;3,8337
20151016;3,8432
20151019;3,9009
20151020;3,8650
20151021;3,9380
20151022;3,9354
20151023;3,8982
20151026;3,8575
20151027;3,9108
20151028;3,8791
20151029;3,9321
20151030;3,8582
20151103;3,8120
20151104;3,7680
20151105;3,7887
20151106;3,8053
20151109;3,7922
20151110;3,7975
20151111;3,7320
20151112;3,7990
20151113;3,8016
20151116;3,8330
20151117;3,8045
20151118;3,7915
20151119;3,7435
20151120;3,7000
20151123;3,7224
20151124;3,7075
20151125;3,7682
20151126;3,7600
20151127;3,7392
20151130;3,8499
20151201;3,8739
20151202;3,8539
20151203;3,7964
20151204;3,7569
20151207;3,7470
20151208;3,7915
20151209;3,7573
20151210;3,7679
20151211;3,8541
20151214;3,9017
20151215;3,8697
20151216;3,9351
20151217;3,8923
20151218;3,9056
20151221;3,9825
20151222;3,9764
20151223;3,9626
20151224;3,9511
20151228;3,9180
20151229;3,8486
20151230;3,9042
20151231;3,9042
20160104;4,0380
20160105;4,0108
20160106;4,0297
20160107;4,0469
20160108;4,0244
20160111;4,0147
20160112;4,0293
20160113;3,9857
20160114;4,0217
20160115;4,0396
20160118;4,0358
20160119;4,0297
20160120;4,0855
20160121;4,1552
20160122;4,1226
20160125;4,0991
20160126;4,0961
20160127;4,0441
20160128;4,0832
20160129;4,0422
20160201;3,9979
20160202;3,9913
20160203;3,9552
20160204;3,8646
20160205;3,8969
20160210;3,9406
20160211;3,9636
20160212;3,9884
20160215;3,9879
20160216;4,0207
20160217;4,0312
20160218;4,0084
20160219;4,0486
20160222;3,9612
20160223;3,9678
20160224;3,9894
20160225;3,9394
20160226;3,9571
20160229;3,9790
20160301;3,9907
20160302;3,9110
20160303;3,8498
20160304;3,7182
20160307;3,7708
20160308;3,7807
20160309;3,7031
20160310;3,6694
20160311;3,6265
20160314;3,6232
20160315;3,7110
20160316;3,8073
20160317;3,6439
20160318;3,6140
20160321;3,6223
20160322;3,6067
20160323;3,6525
20160324;3,6942
20160328;3,6401
20160329;3,6681
20160330;3,6110
20160331;3,5583
20160401;3,5793
20160404;3,5865
20160405;3,6575
20160406;3,6743
20160407;3,6915
20160408;3,6379
20160411;3,5278
20160412;3,5400
20160413;3,5423
20160414;3,5120
20160415;3,5270
20160418;3,5898
20160419;3,5532
20160420;3,5497
20160422;3,5823
20160425;3,5466
20160426;3,5294
20160427;3,5289
20160428;3,4986
20160429;3,4502
20160502;3,4985
20160503;3,5544
20160504;3,5391
20160505;3,5290
20160506;3,5356
20160509;3,5380
20160510;3,4766
20160511;3,4639
20160512;3,4871
20160513;3,5035
20160516;3,5029
20160517;3,5031
20160518;3,5362
20160519;3,5997
20160520;3,5413
20160523;3,5654
20160524;3,5485
20160525;3,5798
20160527;3,6162
20160530;3,5991
20160531;3,5945
20160601;3,6120
20160602;3,5955
20160603;3,5403
20160606;3,5092
20160607;3,4739
20160608;3,3892
20160609;3,3811
20160610;3,4255
20160613;3,4527
20160614;3,4833
20160615;3,4762
20160616;3,4898
20160617;3,4366
20160620;3,3829
20160621;3,3891
20160622;3,3877
20160623;3,3527
20160624;3,3766
20160627;3,3928
20160628;3,3261
20160629;3,2429
20160630;3,2092
20160701;3,2292
20160704;3,2474
20160705;3,2898
20160706;3,3236
20160707;3,3382
20160708;3,2962
20160711;3,3025
20160712;3,2744
20160713;3,2890
20160714;3,2305
20160715;3,2650
20160718;3,2628
20160719;3,2795
20160720;3,2506
20160721;3,2579
20160722;3,2848
20160725;3,2813
20160726;3,2784
20160727;3,2814
20160728;3,2734
20160729;3,2384
20160801;3,2656
20160802;3,2484
20160803;3,2727
20160804;3,2177
20160805;3,1853
20160808;3,1765
20160809;3,1497
20160810;3,1296
20160811;3,1358
20160812;3,1596
20160815;3,1666
20160816;3,1743
20160817;3,2242
20160818;3,2209
20160819;3,2261
20160822;3,2157
20160823;3,2047
20160824;3,2366
20160825;3,2313
20160826;3,2147
20160829;3,2607
20160830;3,2519
20160831;3,2397
20160901;3,2466
20160902;3,2425
20160905;3,2715
20160906;3,2446
20160908;3,1928
20160909;3,2632
20160912;3,2848
20160913;3,2966
20160914;3,3256
20160915;3,3320
20160916;3,2998
20160919;3,2630
20160920;3,2534
20160921;3,2402
20160922;3,2009
20160923;3,2236
20160926;3,2394
20160927;3,2352
20160928;3,2470
20160929;3,2229
20160930;3,2456
20161003;3,2332
20161004;3,2197
20161005;3,2353
20161006;3,2304
20161007;3,2128
20161010;3,2119
20161011;3,2130
20161013;3,2081
20161014;3,1858
20161017;3,1957
20161018;3,1868
20161019;3,1794
20161020;3,1599
20161021;3,1587
20161024;3,1305
20161025;3,1187
20161026;3,1213
20161027;3,1423
20161028;3,1809
20161031;3,1805
20161101;3,2047
20161103;3,2304
20161104;3,2443
20161107;3,2018
20161108;3,2018
20161109;3,2252
20161110;3,3098
20161111;3,4371
20161114;3,4440
20161116;3,4177
20161117;3,4046
20161118;3,3911
20161121;3,3511
20161122;3,3470
20161123;3,3921
20161124;3,3981
20161125;3,4273
20161128;3,3990
20161129;3,4054
20161130;3,3961
20161201;3,4356
20161202;3,4644
20161205;3,4592
20161206;3,4348
20161207;3,3889
20161208;3,4002
20161209;3,3852
20161212;3,3691
20161213;3,3334
20161214;3,3097
20161215;3,3824
20161216;3,3706
20161219;3,3772
20161220;3,3580
20161221;3,3291
20161222;3,3296
20161223;3,2690
20161226;3,2695
20161227;3,2770
20161228;3,2768
20161229;3,2585
20161230;3,2585
20170102;3,2723
20170103;3,2626
20170104;3,2327
20170105;3,2123
20170106;3,2051
20170109;3,2091
20170110;3,1912
20170111;3,2148
20170112;3,1655
20170113;3,2028
20170116;3,2228
20170117;3,2094
20170118;3,2205
20170119;3,2107
20170120;3,1912
20170123;3,1603
20170124;3,1643
20170125;3,1679
20170126;3,1798
20170127;3,1590
20170130;3,1310
20170131;3,1264
20170201;3,1473
20170202;3,1190
20170203;3,1235
20170206;3,1173
20170207;3,1298
20170208;3,1248
20170209;3,1179
20170210;3,1149
20170213;3,1169
20170214;3,0998
20170215;3,0773
20170216;3,0504
20170217;3,0944
20170220;3,0912
20170221;3,0964
20170222;3,0818
20170223;3,0632
20170224;3,0987
20170301;3,0970
20170302;3,1132
20170303;3,1358
20170306;3,1105
20170307;3,1179
20170308;3,1471
20170309;3,1729
20170310;3,1617
20170313;3,1535
20170314;3,1633
20170315;3,1623
20170316;3,1074
20170317;3,1069
20170320;3,0892
20170321;3,0759
20170322;3,0933
20170323;3,1242
20170324;3,1276
20170327;3,1250
20170328;3,1297
20170329;3,1223
20170330;3,1241
20170331;3,1678
20170403;3,1161
20170404;3,1225
20170405;3,0917
20170406;3,1154
20170407;3,1296
20170410;3,1403
20170411;3,1418
20170412;3,1457
20170413;3,1263
20170417;3,1030
20170418;3,0952
20170419;3,1288
20170420;3,1447
20170424;3,1245
20170425;3,1571
20170426;3,1841
